{"cameraMode":{"drawMode":0,"name":"Shaded","section":"Shading Mode"},"sceneLighting":true,"audioPlay":false,"sceneViewState":{"m_AlwaysRefresh":true,"showFog":true,"showSkybox":true,"showFlares":true,"showImageEffects":true,"showParticleSystems":true,"showVisualEffectGraphs":true,"m_FxEnabled":true},"in2DMode":false,"pivot":{"x":-2.7280659675598146,"y":0.46635812520980837,"z":2.4079160690307619},"rotation":{"x":-0.1771848350763321,"y":0.21281181275844575,"z":-0.04008791595697403,"w":-0.9615637063980103},"size":1.7672269344329835,"orthographic":false}