{"cameraMode":{"drawMode":0,"name":"Shaded","section":"Shading Mode"},"sceneLighting":true,"audioPlay":false,"sceneViewState":{"m_AlwaysRefresh":true,"showFog":true,"showSkybox":true,"showFlares":true,"showImageEffects":true,"showParticleSystems":true,"showVisualEffectGraphs":true,"m_FxEnabled":true},"in2DMode":false,"pivot":{"x":-2.973680019378662,"y":0.31335747241973879,"z":2.2292563915252687},"rotation":{"x":-0.1771848350763321,"y":0.21281181275844575,"z":-0.04008791595697403,"w":-0.9615637063980103},"size":1.335216999053955,"orthographic":false}